{"count":1,"self":93.659455999999992,"total":688.5727942,"children":{"InitializeActuators":{"count":21,"self":0.0010002,"total":0.0010002,"children":null},"InitializeSensors":{"count":21,"self":0.0040003999999999994,"total":0.0040003999999999994,"children":null},"AgentSendState":{"count":129784,"self":20.865631999999998,"total":31.4778521,"children":{"CollectObservations":{"count":545097,"self":1.6851108,"total":1.6851108,"children":null},"WriteActionMask":{"count":545097,"self":0.43652169999999996,"total":0.43652169999999996,"children":null},"RequestDecision":{"count":545097,"self":1.5249498,"total":8.4905884,"children":{"AgentInfo.ToProto":{"count":545097,"self":1.4229539999999998,"total":6.9656386,"children":{"GenerateSensorData":{"count":545097,"self":4.7287004,"total":5.5426845999999994,"children":{"RayPerceptionSensor.Perceive":{"count":545097,"self":0.8139841,"total":0.8139841,"children":null}}}}}}}}},"DecideAction":{"count":129784,"self":551.91224319999992,"total":551.9122575,"children":null},"AgentAct":{"count":129784,"self":10.7381472,"total":10.738147,"children":null},"AgentInfo.ToProto":{"count":26077,"self":0.2505521,"total":0.77707799999999994,"children":{"GenerateSensorData":{"count":26077,"self":0.4495183,"total":0.5265259,"children":{"RayPerceptionSensor.Perceive":{"count":26077,"self":0.0770076,"total":0.0770076,"children":null}}}}}},"gauges":{"CogeItem.CumulativeReward":{"count":26077,"max":1.9997,"min":-21.9658031,"runningAverage":1.00216937,"value":0.985901833,"weightedAverage":1.06012011}},"metadata":{"timer_format_version":"0.1.0","start_time_seconds":"1677598184","unity_version":"2021.3.9f1","command_line_arguments":"C:\\Program Files\\Unity\\Hub\\Editor\\2021.3.9f1\\Editor\\Unity.exe -projectpath C:\\Users\\PC\\Desktop\\cosas de Jose\\Proyectos\\ProyectoTFG -useHub -hubIPC -cloudEnvironment production -licensingIpc LicenseClient-PC -hubSessionId 64309160-b773-11ed-85cd-d547e58edf6a","communication_protocol_version":"1.5.0","com.unity.ml-agents_version":"2.0.1","scene_name":"EntrenamientoRecolectaSimple","end_time_seconds":"1677598872"}}