{"count":1,"self":1635.3770496,"total":6124.0003099,"children":{"InitializeActuators":{"count":20,"self":0.0030006,"total":0.0030006,"children":null},"InitializeSensors":{"count":20,"self":0.0030009,"total":0.0030009,"children":null},"AgentSendState":{"count":1701567,"self":174.363712,"total":296.9386087,"children":{"CollectObservations":{"count":6806280,"self":11.3737768,"total":11.373776699999999,"children":null},"WriteActionMask":{"count":6806280,"self":5.0143227999999995,"total":5.0143229,"children":null},"RequestDecision":{"count":6806280,"self":19.818571199999997,"total":106.186791,"children":{"AgentInfo.ToProto":{"count":6806280,"self":18.4649856,"total":86.368219599999989,"children":{"GenerateSensorData":{"count":6806280,"self":57.5608064,"total":67.9032336,"children":{"RayPerceptionSensor.Perceive":{"count":6806280,"self":10.3424248,"total":10.3424251,"children":null}}}}}}}}},"DecideAction":{"count":1701567,"self":4146.2562816,"total":4146.2564062,"children":null},"AgentAct":{"count":1701567,"self":45.372246399999995,"total":45.419271699999996,"children":{"AgentInfo.ToProto":{"count":3400,"self":0.008502899999999999,"total":0.047026399999999996,"children":{"GenerateSensorData":{"count":3400,"self":0.033525599999999996,"total":0.038523499999999995,"children":{"RayPerceptionSensor.Perceive":{"count":3400,"self":0.0049978999999999996,"total":0.0049978999999999996,"children":null}}}}}}}},"gauges":{"bolaml.CumulativeReward":{"count":3400,"max":8959.5,"min":-124.002823,"runningAverage":5607.922,"value":8182,"weightedAverage":7820.65137}},"metadata":{"timer_format_version":"0.1.0","start_time_seconds":"1677535092","unity_version":"2021.3.9f1","command_line_arguments":"C:\\Program Files\\Unity\\Hub\\Editor\\2021.3.9f1\\Editor\\Unity.exe -projectpath C:\\Users\\PC\\Desktop\\cosas de Jose\\Proyectos\\ProyectoTFG -useHub -hubIPC -cloudEnvironment production -licensingIpc LicenseClient-8aRKgFqL0BBCdb41Z6-lY -hubSessionId 5ed18020-b6d9-11ed-abdc-35efa841909e","communication_protocol_version":"1.5.0","com.unity.ml-agents_version":"2.0.1","scene_name":"EntrenamientoBolaRecolectora","end_time_seconds":"1677541216"}}