{"count":1,"self":2095.374336,"total":10058.6049121,"children":{"InitializeActuators":{"count":12,"self":0.0020004,"total":0.0020004,"children":null},"InitializeSensors":{"count":12,"self":0.0020003,"total":0.0020003,"children":null},"AgentSendState":{"count":4168084,"self":42.6068736,"total":170.6221995,"children":{"CollectObservations":{"count":10003404,"self":27.154704,"total":27.1547025,"children":null},"WriteActionMask":{"count":10003404,"self":7.1617336,"total":7.1617337999999995,"children":null},"RequestDecision":{"count":10003404,"self":26.939750399999998,"total":93.698889499999993,"children":{"AgentInfo.ToProto":{"count":10003404,"self":27.020704,"total":66.7591376,"children":{"GenerateSensorData":{"count":10003404,"self":39.7384352,"total":39.7384348,"children":null}}}}}}},"DecideAction":{"count":4168084,"self":7598.9229568,"total":7598.9233378,"children":null},"AgentAct":{"count":4168084,"self":193.58104319999998,"total":193.6790275,"children":{"AgentInfo.ToProto":{"count":12504,"self":0.036996799999999996,"total":0.0979857,"children":{"GenerateSensorData":{"count":12504,"self":0.0609889,"total":0.0609889,"children":null}}}}}},"gauges":{"bolaml.CumulativeReward":{"count":12504,"max":1956,"min":-37.3997154,"runningAverage":680.1949,"value":674.750549,"weightedAverage":760.395142}},"metadata":{"timer_format_version":"0.1.0","start_time_seconds":"1674915316","unity_version":"2021.3.9f1","command_line_arguments":"C:\\Program Files\\Unity\\Hub\\Editor\\2021.3.9f1\\Editor\\Unity.exe -projectpath C:\\Users\\PC\\Desktop\\cosas de Jose\\Proyectos\\ProyectoTFG -useHub -hubIPC -cloudEnvironment production -licensingIpc LicenseClient-3Z57GZ47RCwP-JOFg-k9H -hubSessionId 67741810-9f13-11ed-ade8-0397a40f768b","communication_protocol_version":"1.5.0","com.unity.ml-agents_version":"2.0.1","scene_name":"SampleScene","end_time_seconds":"1674925374"}}